index,label
0,tile-glue_strip
1,grid-thread
2,transistor-good
3,tile-glue_strip
4,tile-good
5,pill-crack
6,capsule-poke
7,hazelnut-cut
8,leather-good
9,leather-good
10,bottle-broken_large
11,wood-good
12,zipper-combined
13,screw-thread_top
14,tile-glue_strip
15,bottle-contamination
16,grid-thread
17,carpet-hole
18,carpet-good
19,pill-good
20,tile-rough
21,zipper-good
22,bottle-broken_large
23,screw-thread_side
24,pill-crack
25,screw-thread_side
26,pill-crack
27,screw-scratch_head
28,leather-good
29,wood-color
30,screw-thread_side
31,cable-good
32,screw-thread_side
33,zipper-good
34,zipper-good
35,zipper-rough
36,leather-good
37,cable-good
38,leather-color
39,metal_nut-flip
40,metal_nut-good
41,cable-combined
42,screw-thread_side
43,capsule-good
44,metal_nut-flip
45,tile-glue_strip
46,toothbrush-good
47,capsule-squeeze
48,zipper-good
49,screw-scratch_head
50,cable-good
51,transistor-damaged_case
52,hazelnut-cut
53,hazelnut-print
54,zipper-fabric_interior
55,metal_nut-scratch
56,carpet-cut
57,carpet-thread
58,leather-glue
59,capsule-good
60,transistor-good
61,pill-faulty_imprint
62,capsule-squeeze
63,zipper-fabric_interior
64,capsule-faulty_imprint
65,leather-color
66,transistor-good
67,capsule-crack
68,pill-pill_type
69,metal_nut-bent
70,grid-metal_contamination
71,wood-liquid
72,hazelnut-cut
73,tile-good
74,leather-poke
75,zipper-good
76,cable-good
77,leather-good
78,cable-good
79,cable-good
80,pill-good
81,wood-good
82,screw-scratch_head
83,wood-combined
84,transistor-good
85,bottle-broken_small
86,zipper-good
87,carpet-color
88,leather-glue
89,zipper-fabric_interior
90,leather-glue
91,zipper-good
92,cable-good
93,metal_nut-bent
94,screw-thread_side
95,tile-oil
96,transistor-good
97,transistor-good
98,metal_nut-good
99,metal_nut-good
100,cable-good
101,carpet-color
102,pill-good
103,capsule-crack
104,wood-good
105,bottle-contamination
106,zipper-rough
107,pill-good
108,transistor-good
109,hazelnut-good
110,leather-color
111,screw-scratch_neck
112,transistor-good
113,transistor-good
114,zipper-good
115,capsule-good
116,grid-glue
117,pill-contamination
118,capsule-crack
119,leather-glue
120,screw-good
121,carpet-hole
122,metal_nut-good
123,transistor-good
124,wood-hole
125,transistor-good
126,tile-glue_strip
127,transistor-cut_lead
128,pill-contamination
129,screw-thread_side
130,grid-good
131,metal_nut-color
132,pill-good
133,metal_nut-bent
134,capsule-good
135,grid-thread
136,screw-scratch_neck
137,bottle-contamination
138,pill-good
139,wood-liquid
140,transistor-good
141,hazelnut-good
142,cable-cut_inner_insulation
143,cable-good
144,zipper-fabric_interior
145,hazelnut-print
146,carpet-hole
147,zipper-good
148,zipper-rough
149,wood-good
150,zipper-good
151,wood-scratch
152,transistor-good
153,pill-good
154,zipper-good
155,tile-glue_strip
156,toothbrush-good
157,tile-gray_stroke
158,hazelnut-good
159,metal_nut-bent
160,screw-scratch_neck
161,screw-thread_side
162,screw-thread_side
163,cable-missing_wire
164,carpet-color
165,leather-fold
166,pill-crack
167,wood-good
168,zipper-fabric_interior
169,cable-cut_outer_insulation
170,carpet-hole
171,carpet-color
172,screw-manipulated_front
173,leather-glue
174,cable-good
175,pill-good
176,screw-good
177,zipper-split_teeth
178,capsule-good
179,zipper-good
180,leather-good
181,grid-glue
182,bottle-good
183,cable-missing_wire
184,pill-contamination
185,carpet-hole
186,tile-glue_strip
187,metal_nut-good
188,wood-scratch
189,transistor-cut_lead
190,pill-contamination
191,capsule-squeeze
192,zipper-good
193,hazelnut-cut
194,pill-crack
195,screw-scratch_head
196,zipper-fabric_interior
197,zipper-rough
198,zipper-good
199,hazelnut-good
200,transistor-good
201,cable-good
202,screw-scratch_head
203,bottle-broken_small
204,pill-good
205,leather-color
206,pill-good
207,pill-good
208,hazelnut-good
209,grid-glue
210,leather-good
211,capsule-poke
212,screw-good
213,wood-good
214,pill-combined
215,carpet-cut
216,capsule-squeeze
217,pill-good
218,transistor-good
219,bottle-broken_small
220,tile-oil
221,grid-bent
222,tile-glue_strip
223,bottle-broken_small
224,capsule-poke
225,metal_nut-bent
226,pill-crack
227,leather-color
228,cable-good
229,transistor-good
230,pill-contamination
231,screw-thread_side
232,zipper-combined
233,pill-good
234,zipper-good
235,capsule-poke
236,transistor-good
237,metal_nut-good
238,hazelnut-cut
239,capsule-faulty_imprint
240,metal_nut-good
241,hazelnut-cut
242,zipper-fabric_interior
243,screw-thread_side
244,wood-color
245,leather-poke
246,tile-good
247,tile-gray_stroke
248,wood-scratch
249,cable-cut_outer_insulation
250,transistor-good
251,tile-gray_stroke
252,cable-bent_wire
253,capsule-crack
254,metal_nut-flip
255,metal_nut-good
256,metal_nut-bent
257,capsule-squeeze
258,zipper-rough
259,hazelnut-good
260,hazelnut-crack
261,screw-good
262,hazelnut-good
263,hazelnut-cut
264,leather-poke
265,leather-good
266,wood-good
267,screw-scratch_neck
268,metal_nut-flip
269,cable-good
270,carpet-color
271,screw-good
272,wood-hole
273,transistor-good
274,cable-good
275,capsule-good
276,pill-good
277,capsule-good
278,transistor-good
279,zipper-fabric_interior
280,pill-combined
281,leather-good
282,transistor-good
283,pill-pill_type
284,pill-good
285,screw-good
286,grid-broken
287,tile-good
288,tile-glue_strip
289,bottle-broken_large
290,carpet-hole
291,bottle-broken_small
292,leather-fold
293,leather-cut
294,cable-good
295,zipper-fabric_interior
296,tile-gray_stroke
297,transistor-good
298,transistor-good
299,transistor-good
300,screw-scratch_neck
301,leather-glue
302,zipper-rough
303,transistor-good
304,screw-thread_side
305,pill-faulty_imprint
306,toothbrush-good
307,grid-good
308,leather-good
309,screw-good
310,screw-good
311,transistor-good
312,bottle-good
313,metal_nut-scratch
314,wood-good
315,transistor-good
316,screw-good
317,wood-good
318,wood-good
319,tile-gray_stroke
320,cable-good
321,screw-scratch_neck
322,metal_nut-bent
323,cable-cut_inner_insulation
324,leather-good
325,capsule-crack
326,screw-thread_side
327,screw-manipulated_front
328,pill-good
329,transistor-good
330,screw-scratch_neck
331,capsule-crack
332,screw-good
333,carpet-color
334,carpet-color
335,bottle-broken_small
336,tile-gray_stroke
337,metal_nut-color
338,screw-scratch_neck
339,cable-bent_wire
340,wood-good
341,screw-thread_side
342,metal_nut-good
343,tile-good
344,screw-good
345,leather-poke
346,metal_nut-flip
347,metal_nut-good
348,hazelnut-good
349,pill-pill_type
350,carpet-thread
351,cable-cable_swap
352,cable-good
353,capsule-crack
354,carpet-color
355,capsule-poke
356,cable-good
357,pill-good
358,bottle-good
359,toothbrush-defective
360,transistor-good
361,capsule-crack
362,leather-fold
363,carpet-color
364,transistor-good
365,zipper-rough
366,wood-color
367,cable-cut_inner_insulation
368,cable-good
369,leather-cut
370,hazelnut-good
371,screw-good
372,cable-good
373,bottle-good
374,hazelnut-good
375,transistor-good
376,wood-hole
377,screw-good
378,capsule-poke
379,grid-glue
380,metal_nut-good
381,screw-good
382,wood-color
383,tile-glue_strip
384,capsule-poke
385,grid-thread
386,metal_nut-bent
387,capsule-good
388,hazelnut-cut
389,screw-good
390,leather-good
391,metal_nut-bent
392,bottle-broken_small
393,leather-fold
394,capsule-crack
395,transistor-good
396,cable-good
397,bottle-contamination
398,hazelnut-print
399,tile-gray_stroke
400,wood-liquid
401,tile-gray_stroke
402,transistor-good
403,zipper-rough
404,bottle-good
405,tile-gray_stroke
406,pill-crack
407,capsule-scratch
408,leather-good
409,pill-good
410,cable-good
411,capsule-poke
412,pill-crack
413,cable-good
414,bottle-broken_small
415,transistor-good
416,leather-fold
417,transistor-good
418,hazelnut-crack
419,transistor-cut_lead
420,metal_nut-bent
421,zipper-good
422,metal_nut-good
423,carpet-color
424,carpet-cut
425,pill-good
426,zipper-rough
427,zipper-good
428,leather-good
429,transistor-damaged_case
430,bottle-broken_small
431,zipper-good
432,cable-good
433,bottle-broken_small
434,tile-glue_strip
435,hazelnut-crack
436,wood-scratch
437,pill-faulty_imprint
438,carpet-color
439,grid-thread
440,pill-crack
441,tile-oil
442,transistor-good
443,screw-manipulated_front
444,transistor-good
445,transistor-cut_lead
446,carpet-thread
447,zipper-rough
448,tile-glue_strip
449,leather-fold
450,wood-hole
451,zipper-good
452,bottle-broken_small
453,carpet-color
454,tile-gray_stroke
455,hazelnut-good
456,screw-thread_side
457,hazelnut-good
458,carpet-hole
459,metal_nut-flip
460,cable-good
461,carpet-color
462,screw-scratch_head
463,leather-poke
464,carpet-thread
465,capsule-faulty_imprint
466,capsule-crack
467,metal_nut-flip
468,screw-scratch_head
469,metal_nut-bent
470,pill-pill_type
471,metal_nut-bent
472,tile-gray_stroke
473,bottle-good
474,screw-manipulated_front
475,cable-good
476,wood-liquid
477,transistor-good
478,screw-manipulated_front
479,screw-scratch_head
480,pill-combined
481,screw-thread_side
482,carpet-cut
483,cable-good
484,screw-good
485,screw-scratch_head
486,cable-good
487,grid-good
488,hazelnut-hole
489,pill-crack
490,carpet-cut
491,cable-poke_insulation
492,cable-good
493,screw-thread_side
494,hazelnut-good
495,capsule-crack
496,transistor-cut_lead
497,toothbrush-good
498,cable-cut_inner_insulation
499,zipper-split_teeth
500,screw-good
501,tile-glue_strip
502,metal_nut-scratch
503,transistor-good
504,cable-bent_wire
505,tile-gray_stroke
506,leather-glue
507,wood-liquid
508,toothbrush-good
509,leather-good
510,capsule-poke
511,screw-manipulated_front
512,transistor-good
513,transistor-good
514,transistor-good
515,zipper-fabric_interior
516,cable-good
517,metal_nut-color
518,leather-glue
519,cable-good
520,tile-gray_stroke
521,pill-pill_type
522,wood-good
523,metal_nut-good
524,pill-good
525,zipper-fabric_border
526,cable-cable_swap
527,wood-scratch
528,capsule-crack
529,carpet-cut
530,capsule-poke
531,hazelnut-hole
532,hazelnut-good
533,hazelnut-hole
534,grid-metal_contamination
535,screw-thread_side
536,zipper-split_teeth
537,wood-scratch
538,pill-crack
539,toothbrush-good
540,cable-good
541,wood-good
542,grid-thread
543,screw-scratch_neck
544,grid-glue
545,zipper-fabric_interior
546,transistor-good
547,tile-glue_strip
548,hazelnut-good
549,pill-contamination
550,cable-good
551,capsule-squeeze
552,pill-color
553,pill-good
554,zipper-fabric_interior
555,tile-glue_strip
556,screw-good
557,capsule-squeeze
558,zipper-combined
559,screw-scratch_head
560,leather-fold
561,capsule-good
562,leather-glue
563,carpet-metal_contamination
564,cable-good
565,hazelnut-good
566,grid-glue
567,grid-thread
568,hazelnut-good
569,screw-thread_side
570,hazelnut-good
571,wood-scratch
572,hazelnut-good
573,pill-good
574,cable-good
575,wood-hole
576,zipper-split_teeth
577,carpet-color
578,grid-bent
579,zipper-fabric_border
580,pill-crack
581,metal_nut-bent
582,tile-gray_stroke
583,carpet-hole
584,transistor-good
585,transistor-good
586,transistor-good
587,carpet-color
588,leather-glue
589,transistor-good
590,screw-scratch_head
591,hazelnut-cut
592,cable-good
593,zipper-fabric_interior
594,zipper-good
595,metal_nut-color
596,carpet-cut
597,tile-gray_stroke
598,zipper-good
599,hazelnut-good
600,leather-glue
601,hazelnut-good
602,hazelnut-hole
603,cable-cut_inner_insulation
604,pill-crack
605,cable-good
606,pill-good
607,cable-good
608,transistor-good
609,pill-crack
610,metal_nut-bent
611,grid-glue
612,cable-good
613,carpet-cut
614,hazelnut-good
615,capsule-crack
616,pill-good
617,zipper-split_teeth
618,carpet-thread
619,cable-bent_wire
620,cable-good
621,cable-good
622,zipper-good
623,tile-glue_strip
624,bottle-broken_small
625,carpet-hole
626,metal_nut-bent
627,toothbrush-good
628,hazelnut-good
629,bottle-broken_small
630,leather-fold
631,toothbrush-good
632,screw-thread_side
633,screw-thread_side
634,zipper-good
635,leather-glue
636,cable-missing_wire
637,capsule-good
638,carpet-cut
639,leather-poke
640,pill-good
641,leather-fold
642,transistor-good
643,bottle-broken_large
644,carpet-hole
645,zipper-fabric_interior
646,cable-good
647,leather-poke
648,capsule-good
649,zipper-good
650,wood-hole
651,hazelnut-good
652,carpet-color
653,screw-scratch_head
654,grid-good
655,wood-good
656,screw-scratch_neck
657,capsule-good
658,capsule-crack
659,leather-good
660,transistor-good
661,cable-cut_outer_insulation
662,carpet-color
663,transistor-good
664,capsule-scratch
665,grid-glue
666,transistor-cut_lead
667,hazelnut-good
668,tile-gray_stroke
669,cable-good
670,hazelnut-good
671,pill-crack
672,bottle-good
673,pill-combined
674,pill-scratch
675,bottle-broken_large
676,wood-good
677,pill-contamination
678,cable-good
679,tile-good
680,leather-glue
681,leather-fold
682,tile-oil
683,pill-good
684,cable-good
685,tile-gray_stroke
686,tile-glue_strip
687,hazelnut-good
688,grid-good
689,leather-color
690,metal_nut-bent
691,cable-good
692,screw-manipulated_front
693,pill-good
694,grid-thread
695,cable-cut_outer_insulation
696,hazelnut-good
697,zipper-rough
698,tile-gray_stroke
699,bottle-good
700,cable-good
701,leather-poke
702,hazelnut-cut
703,screw-scratch_neck
704,bottle-broken_small
705,carpet-color
706,screw-good
707,transistor-damaged_case
708,cable-cut_outer_insulation
709,wood-scratch
710,pill-crack
711,pill-scratch
712,screw-scratch_neck
713,grid-thread
714,carpet-metal_contamination
715,wood-scratch
716,carpet-color
717,leather-glue
718,hazelnut-good
719,zipper-good
720,capsule-poke
721,transistor-good
722,screw-manipulated_front
723,transistor-good
724,zipper-fabric_border
725,transistor-good
726,pill-crack
727,hazelnut-good
728,pill-scratch
729,cable-bent_wire
730,hazelnut-good
731,bottle-good
732,pill-crack
733,pill-faulty_imprint
734,hazelnut-good
735,metal_nut-good
736,carpet-color
737,pill-combined
738,capsule-good
739,wood-scratch
740,hazelnut-good
741,carpet-thread
742,pill-combined
743,pill-good
744,tile-gray_stroke
745,carpet-hole
746,bottle-good
747,pill-good
748,pill-combined
749,capsule-squeeze
750,metal_nut-good
751,cable-good
752,metal_nut-flip
753,transistor-good
754,capsule-poke
755,tile-oil
756,zipper-good
757,bottle-good
758,pill-crack
759,capsule-good
760,screw-thread_side
761,hazelnut-hole
762,cable-combined
763,pill-contamination
764,bottle-good
765,capsule-poke
766,grid-bent
767,zipper-fabric_border
768,metal_nut-good
769,pill-good
770,wood-good
771,carpet-metal_contamination
772,wood-combined
773,zipper-combined
774,hazelnut-hole
775,screw-thread_side
776,pill-combined
777,screw-good
778,bottle-broken_large
779,capsule-scratch
780,transistor-cut_lead
781,leather-good
782,screw-good
783,wood-combined
784,cable-good
785,leather-good
786,toothbrush-good
787,toothbrush-good
788,screw-scratch_neck
789,cable-cut_outer_insulation
790,zipper-combined
791,carpet-good
792,toothbrush-good
793,toothbrush-good
794,zipper-combined
795,hazelnut-crack
796,transistor-good
797,zipper-good
798,screw-thread_side
799,pill-crack
800,zipper-good
801,hazelnut-crack
802,tile-glue_strip
803,metal_nut-color
804,tile-gray_stroke
805,wood-good
806,pill-good
807,bottle-broken_large
808,leather-glue
809,zipper-split_teeth
810,cable-good
811,capsule-good
812,capsule-poke
813,grid-metal_contamination
814,toothbrush-good
815,wood-good
816,screw-good
817,bottle-broken_small
818,tile-crack
819,screw-thread_side
820,pill-contamination
821,hazelnut-print
822,cable-good
823,metal_nut-good
824,screw-good
825,cable-good
826,capsule-crack
827,cable-good
828,hazelnut-hole
829,transistor-good
830,carpet-good
831,grid-glue
832,cable-good
833,capsule-scratch
834,zipper-good
835,tile-gray_stroke
836,capsule-squeeze
837,screw-scratch_head
838,carpet-color
839,pill-good
840,hazelnut-hole
841,bottle-broken_large
842,screw-good
843,screw-manipulated_front
844,tile-crack
845,transistor-bent_lead
846,leather-good
847,bottle-good
848,tile-oil
849,capsule-good
850,tile-glue_strip
851,wood-color
852,screw-good
853,capsule-good
854,transistor-good
855,capsule-poke
856,zipper-good
857,hazelnut-cut
858,transistor-good
859,zipper-rough
860,cable-combined
861,hazelnut-good
862,metal_nut-good
863,screw-good
864,carpet-cut
865,transistor-good
866,toothbrush-good
867,cable-cut_outer_insulation
868,zipper-fabric_interior
869,cable-good
870,carpet-good
871,leather-good
872,pill-good
873,pill-crack
874,pill-good
875,carpet-color
876,screw-scratch_neck
877,wood-hole
878,leather-color
879,leather-fold
880,hazelnut-good
881,grid-glue
882,capsule-squeeze
883,capsule-poke
884,transistor-good
885,tile-glue_strip
886,screw-scratch_head
887,pill-scratch
888,leather-good
889,metal_nut-flip
890,transistor-good
891,zipper-good
892,leather-good
893,cable-good
894,leather-cut
895,screw-good
896,pill-good
897,screw-good
898,cable-poke_insulation
899,carpet-color
900,transistor-damaged_case
901,leather-good
902,screw-thread_side
903,pill-good
904,capsule-scratch
905,zipper-rough
906,leather-good
907,capsule-scratch
908,screw-scratch_neck
909,metal_nut-good
910,tile-glue_strip
911,pill-good
912,zipper-combined
913,capsule-good
914,leather-glue
915,screw-thread_side
916,metal_nut-flip
917,screw-thread_top
918,tile-glue_strip
919,transistor-cut_lead
920,hazelnut-good
921,screw-good
922,tile-rough
923,zipper-combined
924,metal_nut-flip
925,leather-glue
926,cable-bent_wire
927,toothbrush-good
928,cable-good
929,toothbrush-good
930,tile-good
931,cable-good
932,capsule-crack
933,metal_nut-bent
934,capsule-poke
935,pill-good
936,tile-oil
937,leather-poke
938,carpet-cut
939,leather-color
940,carpet-thread
941,leather-fold
942,screw-scratch_neck
943,screw-manipulated_front
944,bottle-good
945,leather-glue
946,leather-glue
947,capsule-scratch
948,zipper-good
949,hazelnut-hole
950,capsule-poke
951,metal_nut-scratch
952,tile-gray_stroke
953,grid-good
954,screw-manipulated_front
955,carpet-thread
956,capsule-good
957,transistor-good
958,capsule-scratch
959,wood-hole
960,zipper-fabric_interior
961,screw-thread_side
962,pill-good
963,hazelnut-good
964,hazelnut-good
965,cable-missing_wire
966,screw-scratch_neck
967,hazelnut-good
968,cable-good
969,hazelnut-good
970,carpet-color
971,carpet-color
972,bottle-broken_small
973,cable-good
974,hazelnut-good
975,tile-good
976,pill-pill_type
977,leather-good
978,screw-scratch_head
979,screw-thread_side
980,leather-good
981,carpet-cut
982,screw-thread_side
983,transistor-good
984,pill-good
985,capsule-squeeze
986,grid-good
987,metal_nut-good
988,screw-thread_side
989,screw-good
990,pill-good
991,screw-scratch_neck
992,capsule-good
993,cable-missing_wire
994,cable-good
995,bottle-good
996,zipper-fabric_border
997,bottle-good
998,leather-fold
999,screw-thread_side
1000,leather-glue
1001,capsule-squeeze
1002,leather-good
1003,metal_nut-color
1004,wood-good
1005,tile-gray_stroke
1006,cable-missing_wire
1007,capsule-crack
1008,tile-gray_stroke
1009,screw-thread_side
1010,zipper-good
1011,pill-faulty_imprint
1012,tile-crack
1013,cable-good
1014,leather-glue
1015,screw-scratch_neck
1016,pill-crack
1017,zipper-fabric_interior
1018,hazelnut-crack
1019,pill-good
1020,screw-thread_side
1021,tile-rough
1022,pill-good
1023,metal_nut-good
1024,hazelnut-print
1025,cable-good
1026,metal_nut-color
1027,pill-good
1028,cable-good
1029,zipper-fabric_interior
1030,leather-poke
1031,transistor-good
1032,tile-rough
1033,metal_nut-flip
1034,capsule-good
1035,screw-thread_side
1036,pill-good
1037,capsule-good
1038,hazelnut-good
1039,capsule-good
1040,metal_nut-good
1041,tile-glue_strip
1042,transistor-cut_lead
1043,transistor-good
1044,carpet-color
1045,screw-thread_side
1046,transistor-good
1047,grid-good
1048,cable-good
1049,transistor-damaged_case
1050,cable-good
1051,carpet-color
1052,wood-good
1053,zipper-fabric_border
1054,toothbrush-good
1055,capsule-good
1056,cable-good
1057,capsule-good
1058,zipper-combined
1059,grid-good
1060,zipper-combined
1061,leather-glue
1062,cable-good
1063,screw-thread_side
1064,hazelnut-good
1065,metal_nut-bent
1066,carpet-thread
1067,metal_nut-bent
1068,carpet-hole
1069,tile-good
1070,transistor-good
1071,pill-contamination
1072,wood-scratch
1073,capsule-good
1074,screw-manipulated_front
1075,zipper-fabric_interior
1076,wood-hole
1077,screw-good
1078,bottle-good
1079,tile-glue_strip
1080,transistor-good
1081,capsule-squeeze
1082,tile-glue_strip
1083,pill-crack
1084,transistor-good
1085,bottle-good
1086,bottle-broken_small
1087,leather-fold
1088,tile-glue_strip
1089,pill-color
1090,grid-glue
1091,pill-crack
1092,zipper-good
1093,leather-good
1094,hazelnut-good
1095,metal_nut-good
1096,hazelnut-print
1097,wood-scratch
1098,transistor-damaged_case
1099,wood-color
1100,cable-bent_wire
1101,zipper-good
1102,leather-fold
1103,bottle-good
1104,tile-glue_strip
1105,carpet-hole
1106,zipper-fabric_interior
1107,zipper-good
1108,transistor-good
1109,capsule-crack
1110,tile-glue_strip
1111,transistor-good
1112,wood-combined
1113,metal_nut-good
1114,bottle-broken_small
1115,carpet-cut
1116,cable-cut_outer_insulation
1117,cable-poke_insulation
1118,metal_nut-good
1119,transistor-good
1120,metal_nut-bent
1121,tile-gray_stroke
1122,pill-crack
1123,pill-crack
1124,tile-crack
1125,zipper-rough
1126,wood-good
1127,screw-thread_side
1128,hazelnut-good
1129,carpet-color
1130,transistor-good
1131,cable-good
1132,cable-good
1133,toothbrush-good
1134,screw-scratch_head
1135,transistor-good
1136,wood-liquid
1137,hazelnut-good
1138,cable-bent_wire
1139,wood-combined
1140,zipper-good
1141,tile-crack
1142,capsule-crack
1143,hazelnut-good
1144,hazelnut-good
1145,cable-cable_swap
1146,hazelnut-cut
1147,tile-gray_stroke
1148,screw-thread_side
1149,grid-broken
1150,transistor-good
1151,tile-glue_strip
1152,cable-good
1153,bottle-broken_small
1154,zipper-split_teeth
1155,zipper-fabric_interior
1156,leather-poke
1157,screw-thread_side
1158,pill-good
1159,zipper-fabric_border
1160,transistor-good
1161,bottle-contamination
1162,transistor-good
1163,cable-poke_insulation
1164,capsule-good
1165,screw-thread_side
1166,leather-poke
1167,capsule-good
1168,transistor-good
1169,cable-good
1170,zipper-good
1171,cable-good
1172,wood-good
1173,screw-thread_side
1174,tile-oil
1175,pill-faulty_imprint
1176,leather-fold
1177,grid-glue
1178,grid-bent
1179,transistor-bent_lead
1180,leather-poke
1181,tile-glue_strip
1182,grid-good
1183,bottle-broken_small
1184,toothbrush-good
1185,carpet-thread
1186,bottle-good
1187,bottle-good
1188,hazelnut-print
1189,tile-glue_strip
1190,cable-bent_wire
1191,capsule-good
1192,capsule-squeeze
1193,transistor-damaged_case
1194,hazelnut-crack
1195,bottle-good
1196,wood-good
1197,grid-bent
1198,toothbrush-good
1199,hazelnut-hole
1200,screw-good
1201,carpet-color
1202,zipper-split_teeth
1203,bottle-broken_small
1204,cable-good
1205,metal_nut-bent
1206,bottle-good
1207,metal_nut-flip
1208,bottle-good
1209,screw-thread_side
1210,wood-good
1211,cable-good
1212,zipper-fabric_interior
1213,leather-good
1214,wood-scratch
1215,cable-good
1216,capsule-squeeze
1217,zipper-good
1218,bottle-broken_small
1219,bottle-good
1220,pill-crack
1221,metal_nut-color
1222,pill-crack
1223,capsule-crack
1224,cable-cut_outer_insulation
1225,cable-good
1226,capsule-poke
1227,cable-poke_insulation
1228,grid-good
1229,toothbrush-defective
1230,pill-good
1231,carpet-hole
1232,pill-good
1233,transistor-good
1234,zipper-combined
1235,tile-oil
1236,grid-thread
1237,tile-glue_strip
1238,capsule-good
1239,leather-glue
1240,pill-good
1241,toothbrush-good
1242,screw-scratch_neck
1243,transistor-good
1244,zipper-good
1245,carpet-hole
1246,cable-good
1247,cable-good
1248,transistor-good
1249,zipper-fabric_interior
1250,tile-oil
1251,screw-good
1252,screw-thread_side
1253,carpet-color
1254,wood-good
1255,screw-thread_side
1256,leather-good
1257,transistor-cut_lead
1258,leather-color
1259,cable-good
1260,screw-scratch_neck
1261,pill-good
1262,toothbrush-good
1263,bottle-good
1264,transistor-good
1265,pill-combined
1266,cable-good
1267,tile-glue_strip
1268,capsule-squeeze
1269,tile-good
1270,zipper-fabric_interior
1271,hazelnut-print
1272,leather-glue
1273,pill-good
1274,zipper-good
1275,pill-faulty_imprint
1276,metal_nut-good
1277,grid-metal_contamination
1278,transistor-good
1279,metal_nut-good
1280,metal_nut-good
1281,bottle-broken_small
1282,zipper-good
1283,leather-fold
1284,pill-crack
1285,leather-fold
1286,zipper-good
1287,tile-rough
1288,hazelnut-good
1289,hazelnut-crack
1290,pill-good
1291,cable-good
1292,leather-fold
1293,hazelnut-good
1294,pill-crack
1295,cable-poke_insulation
1296,tile-oil
1297,leather-fold
1298,zipper-combined
1299,hazelnut-print
1300,tile-gray_stroke
1301,capsule-crack
1302,carpet-color
1303,cable-good
1304,hazelnut-good
1305,tile-glue_strip
1306,carpet-hole
1307,hazelnut-good
1308,transistor-good
1309,cable-good
1310,bottle-good
1311,grid-glue
1312,zipper-fabric_interior
1313,screw-thread_side
1314,zipper-fabric_border
1315,capsule-good
1316,carpet-metal_contamination
1317,screw-thread_side
1318,transistor-cut_lead
1319,pill-contamination
1320,zipper-combined
1321,transistor-good
1322,capsule-poke
1323,metal_nut-good
1324,toothbrush-good
1325,carpet-color
1326,hazelnut-print
1327,bottle-good
1328,screw-good
1329,transistor-good
1330,transistor-bent_lead
1331,grid-thread
1332,metal_nut-good
1333,tile-gray_stroke
1334,carpet-color
1335,cable-good
1336,tile-gray_stroke
1337,grid-good
1338,metal_nut-good
1339,metal_nut-good
1340,hazelnut-good
1341,cable-good
1342,hazelnut-crack
1343,grid-good
1344,hazelnut-hole
1345,tile-gray_stroke
1346,hazelnut-good
1347,cable-good
1348,transistor-good
1349,tile-good
1350,zipper-fabric_interior
1351,tile-crack
1352,grid-good
1353,transistor-cut_lead
1354,transistor-good
1355,metal_nut-good
1356,bottle-broken_large
1357,wood-color
1358,pill-pill_type
1359,screw-thread_side
1360,zipper-fabric_interior
1361,leather-glue
1362,tile-glue_strip
1363,transistor-good
1364,cable-good
1365,metal_nut-scratch
1366,transistor-good
1367,transistor-good
1368,hazelnut-good
1369,toothbrush-good
1370,pill-good
1371,screw-manipulated_front
1372,cable-cut_outer_insulation
1373,zipper-fabric_interior
1374,tile-good
1375,hazelnut-good
1376,capsule-good
1377,zipper-good
1378,hazelnut-good
1379,hazelnut-good
1380,transistor-good
1381,toothbrush-good
1382,leather-glue
1383,wood-good
1384,metal_nut-scratch
1385,leather-good
1386,carpet-thread
1387,carpet-color
1388,screw-manipulated_front
1389,screw-thread_side
1390,zipper-fabric_interior
1391,hazelnut-hole
1392,hazelnut-good
1393,hazelnut-good
1394,cable-good
1395,capsule-crack
1396,leather-glue
1397,carpet-color
1398,zipper-good
1399,cable-good
1400,tile-good
1401,grid-glue
1402,cable-good
1403,hazelnut-print
1404,metal_nut-scratch
1405,hazelnut-good
1406,metal_nut-bent
1407,pill-good
1408,cable-cable_swap
1409,pill-good
1410,carpet-hole
1411,cable-combined
1412,metal_nut-good
1413,capsule-good
1414,cable-good
1415,toothbrush-good
1416,bottle-good
1417,capsule-scratch
1418,zipper-fabric_interior
1419,cable-good
1420,cable-good
1421,carpet-cut
1422,cable-good
1423,metal_nut-color
1424,tile-crack
1425,cable-poke_insulation
1426,screw-thread_side
1427,transistor-good
1428,tile-gray_stroke
1429,zipper-good
1430,cable-good
1431,toothbrush-good
1432,grid-metal_contamination
1433,metal_nut-flip
1434,screw-manipulated_front
1435,pill-contamination
1436,zipper-combined
1437,metal_nut-color
1438,toothbrush-good
1439,carpet-thread
1440,pill-good
1441,pill-good
1442,screw-thread_side
1443,capsule-scratch
1444,cable-good
1445,hazelnut-crack
1446,carpet-hole
1447,tile-oil
1448,tile-glue_strip
1449,transistor-misplaced
1450,hazelnut-cut
1451,hazelnut-good
1452,carpet-color
1453,capsule-poke
1454,pill-scratch
1455,zipper-split_teeth
1456,grid-glue
1457,cable-good
1458,grid-metal_contamination
1459,carpet-color
1460,hazelnut-good
1461,transistor-good
1462,grid-thread
1463,leather-glue
1464,carpet-hole
1465,leather-cut
1466,hazelnut-good
1467,zipper-split_teeth
1468,transistor-good
1469,bottle-contamination
1470,transistor-good
1471,wood-good
1472,pill-combined
1473,bottle-good
1474,toothbrush-good
1475,pill-contamination
1476,screw-good
1477,bottle-broken_small
1478,cable-cut_outer_insulation
1479,wood-scratch
1480,toothbrush-defective
1481,pill-good
1482,grid-glue
1483,metal_nut-flip
1484,transistor-good
1485,hazelnut-good
1486,zipper-good
1487,hazelnut-cut
1488,tile-gray_stroke
1489,metal_nut-flip
1490,metal_nut-bent
1491,leather-glue
1492,capsule-poke
1493,tile-good
1494,screw-thread_side
1495,hazelnut-crack
1496,leather-good
1497,cable-good
1498,leather-good
1499,pill-crack
1500,pill-faulty_imprint
1501,pill-good
1502,leather-fold
1503,metal_nut-flip
1504,zipper-split_teeth
1505,zipper-rough
1506,metal_nut-scratch
1507,zipper-rough
1508,hazelnut-crack
1509,leather-glue
1510,cable-cable_swap
1511,cable-poke_insulation
1512,pill-good
1513,bottle-good
1514,capsule-squeeze
1515,tile-gray_stroke
1516,screw-good
1517,capsule-good
1518,carpet-metal_contamination
1519,bottle-good
1520,transistor-damaged_case
1521,metal_nut-good
1522,pill-combined
1523,capsule-poke
1524,hazelnut-good
1525,pill-good
1526,tile-gray_stroke
1527,cable-good
1528,grid-broken
1529,cable-poke_insulation
1530,tile-rough
1531,carpet-color
1532,grid-glue
1533,carpet-cut
1534,pill-good
1535,screw-scratch_neck
1536,metal_nut-bent
1537,carpet-color
1538,zipper-rough
1539,grid-good
1540,wood-good
1541,metal_nut-bent
1542,tile-crack
1543,metal_nut-flip
1544,tile-gray_stroke
1545,transistor-good
1546,hazelnut-cut
1547,bottle-good
1548,screw-thread_side
1549,leather-fold
1550,leather-good
1551,transistor-good
1552,leather-glue
1553,wood-scratch
1554,pill-good
1555,capsule-good
1556,transistor-good
1557,transistor-good
1558,leather-glue
1559,wood-good
1560,leather-fold
1561,screw-manipulated_front
1562,bottle-good
1563,leather-good
1564,toothbrush-good
1565,leather-good
1566,wood-combined
1567,grid-glue
1568,pill-good
1569,hazelnut-good
1570,pill-crack
1571,carpet-color
1572,tile-gray_stroke
1573,pill-contamination
1574,pill-crack
1575,toothbrush-good
1576,capsule-squeeze
1577,transistor-good
1578,zipper-combined
1579,metal_nut-good
1580,cable-good
1581,hazelnut-good
1582,tile-glue_strip
1583,leather-fold
1584,leather-glue
1585,cable-bent_wire
1586,wood-good
1587,bottle-good
1588,bottle-broken_small
1589,cable-good
1590,capsule-good
1591,carpet-cut
1592,pill-faulty_imprint
1593,transistor-good
1594,carpet-hole
1595,leather-fold
1596,leather-good
1597,carpet-color
1598,capsule-good
1599,screw-thread_side
1600,transistor-good
1601,pill-good
1602,screw-good
1603,grid-glue
1604,capsule-good
1605,tile-crack
1606,carpet-hole
1607,hazelnut-good
1608,leather-good
1609,bottle-broken_small
1610,toothbrush-good
1611,wood-good
1612,zipper-combined
1613,wood-good
1614,hazelnut-good
1615,wood-hole
1616,metal_nut-good
1617,cable-good
1618,hazelnut-good
1619,transistor-good
1620,capsule-good
1621,tile-gray_stroke
1622,hazelnut-good
1623,wood-scratch
1624,zipper-broken_teeth
1625,cable-good
1626,pill-good
1627,cable-good
1628,bottle-good
1629,zipper-good
1630,transistor-good
1631,zipper-split_teeth
1632,grid-good
1633,tile-crack
1634,zipper-broken_teeth
1635,capsule-poke
1636,cable-good
1637,metal_nut-good
1638,cable-good
1639,pill-good
1640,carpet-color
1641,capsule-squeeze
1642,leather-color
1643,grid-thread
1644,transistor-good
1645,metal_nut-bent
1646,pill-good
1647,tile-good
1648,carpet-hole
1649,grid-glue
1650,bottle-broken_large
1651,pill-good
1652,grid-thread
1653,zipper-fabric_interior
1654,bottle-good
1655,hazelnut-good
1656,zipper-rough
1657,carpet-metal_contamination
1658,grid-good
1659,carpet-hole
1660,screw-scratch_head
1661,metal_nut-color
1662,capsule-crack
1663,transistor-good
1664,screw-thread_side
1665,zipper-split_teeth
1666,grid-metal_contamination
1667,toothbrush-good
1668,screw-scratch_head
1669,tile-crack
1670,tile-oil
1671,hazelnut-cut
1672,screw-thread_side
1673,toothbrush-good
1674,cable-cut_outer_insulation
1675,bottle-broken_large
1676,bottle-broken_small
1677,metal_nut-flip
1678,transistor-good
1679,zipper-good
1680,bottle-broken_small
1681,capsule-good
1682,transistor-good
1683,screw-scratch_head
1684,metal_nut-color
1685,cable-good
1686,capsule-good
1687,capsule-poke
1688,carpet-thread
1689,pill-combined
1690,screw-thread_side
1691,capsule-poke
1692,transistor-good
1693,metal_nut-good
1694,grid-thread
1695,cable-good
1696,cable-good
1697,cable-good
1698,bottle-good
1699,screw-thread_side
1700,toothbrush-good
1701,carpet-cut
1702,toothbrush-good
1703,carpet-hole
1704,leather-good
1705,capsule-crack
1706,screw-thread_top
1707,cable-bent_wire
1708,toothbrush-defective
1709,bottle-broken_small
1710,leather-good
1711,screw-good
1712,carpet-cut
1713,bottle-broken_small
1714,cable-bent_wire
1715,carpet-color
1716,screw-thread_side
1717,leather-cut
1718,cable-good
1719,grid-glue
1720,tile-gray_stroke
1721,hazelnut-good
1722,hazelnut-good
1723,metal_nut-color
1724,transistor-good
1725,transistor-good
1726,cable-missing_wire
1727,grid-thread
1728,leather-color
1729,transistor-good
1730,leather-poke
1731,hazelnut-good
1732,metal_nut-scratch
1733,hazelnut-print
1734,cable-good
1735,screw-good
1736,metal_nut-flip
1737,transistor-good
1738,zipper-good
1739,leather-fold
1740,hazelnut-good
1741,grid-metal_contamination
1742,pill-scratch
1743,capsule-good
1744,carpet-thread
1745,toothbrush-good
1746,carpet-cut
1747,capsule-good
1748,carpet-color
1749,wood-scratch
1750,carpet-hole
1751,bottle-good
1752,cable-combined
1753,hazelnut-hole
1754,hazelnut-hole
1755,carpet-color
1756,screw-thread_side
1757,cable-good
1758,tile-gray_stroke
1759,zipper-good
1760,wood-good
1761,pill-faulty_imprint
1762,tile-gray_stroke
1763,capsule-poke
1764,grid-thread
1765,screw-thread_side
1766,bottle-broken_large
1767,transistor-good
1768,toothbrush-good
1769,zipper-broken_teeth
1770,carpet-color
1771,wood-scratch
1772,capsule-squeeze
1773,screw-scratch_head
1774,cable-good
1775,metal_nut-color
1776,capsule-poke
1777,transistor-good
1778,bottle-broken_large
1779,capsule-crack
1780,screw-good
1781,pill-good
1782,carpet-color
1783,cable-good
1784,screw-good
1785,pill-good
1786,zipper-good
1787,hazelnut-good
1788,pill-contamination
1789,bottle-broken_small
1790,toothbrush-good
1791,zipper-good
1792,capsule-crack
1793,zipper-good
1794,capsule-crack
1795,screw-good
1796,toothbrush-defective
1797,cable-good
1798,grid-thread
1799,zipper-good
1800,cable-good
1801,bottle-good
1802,pill-good
1803,screw-thread_side
1804,zipper-good
1805,screw-thread_side
1806,grid-glue
1807,metal_nut-color
1808,leather-fold
1809,zipper-split_teeth
1810,zipper-good
1811,zipper-rough
1812,tile-gray_stroke
1813,tile-crack
1814,carpet-hole
1815,tile-gray_stroke
1816,pill-color
1817,carpet-hole
1818,zipper-combined
1819,tile-gray_stroke
1820,toothbrush-good
1821,cable-good
1822,metal_nut-bent
1823,leather-good
1824,tile-glue_strip
1825,bottle-good
1826,hazelnut-cut
1827,grid-glue
1828,zipper-combined
1829,tile-oil
1830,zipper-combined
1831,carpet-hole
1832,pill-combined
1833,carpet-metal_contamination
1834,carpet-cut
1835,screw-thread_side
1836,metal_nut-good
1837,cable-missing_cable
1838,grid-thread
1839,cable-cut_outer_insulation
1840,pill-good
1841,metal_nut-good
1842,pill-pill_type
1843,transistor-good
1844,screw-good
1845,screw-thread_side
1846,leather-cut
1847,pill-good
1848,pill-combined
1849,zipper-good
1850,transistor-good
1851,zipper-good
1852,zipper-good
1853,cable-cut_inner_insulation
1854,toothbrush-good
1855,wood-hole
1856,pill-good
1857,capsule-scratch
1858,wood-good
1859,cable-good
1860,grid-glue
1861,screw-thread_side
1862,grid-good
1863,carpet-color
1864,zipper-rough
1865,zipper-good
1866,carpet-color
1867,hazelnut-print
1868,carpet-thread
1869,carpet-good
1870,capsule-faulty_imprint
1871,zipper-good
1872,leather-color
1873,carpet-color
1874,carpet-thread
1875,screw-thread_side
1876,cable-good
1877,wood-scratch
1878,leather-glue
1879,tile-glue_strip
1880,capsule-good
1881,capsule-crack
1882,screw-good
1883,zipper-fabric_interior
1884,zipper-combined
1885,cable-good
1886,screw-good
1887,toothbrush-defective
1888,tile-gray_stroke
1889,capsule-crack
1890,capsule-crack
1891,leather-poke
1892,grid-metal_contamination
1893,cable-good
1894,tile-glue_strip
1895,leather-glue
1896,transistor-good
1897,carpet-color
1898,wood-scratch
1899,grid-good
1900,pill-good
1901,transistor-good
1902,hazelnut-cut
1903,transistor-good
1904,cable-bent_wire
1905,screw-good
1906,transistor-good
1907,tile-glue_strip
1908,bottle-good
1909,pill-contamination
1910,zipper-good
1911,tile-glue_strip
1912,wood-liquid
1913,hazelnut-good
1914,metal_nut-good
1915,toothbrush-good
1916,screw-good
1917,leather-poke
1918,zipper-good
1919,toothbrush-good
1920,cable-good
1921,metal_nut-bent
1922,capsule-poke
1923,transistor-cut_lead
1924,cable-good
1925,grid-metal_contamination
1926,leather-fold
1927,pill-good
1928,bottle-good
1929,screw-good
1930,transistor-good
1931,metal_nut-bent
1932,cable-good
1933,carpet-hole
1934,metal_nut-good
1935,wood-scratch
1936,pill-good
1937,tile-gray_stroke
1938,leather-fold
1939,bottle-good
1940,hazelnut-good
1941,leather-good
1942,wood-scratch
1943,grid-broken
1944,cable-poke_insulation
1945,screw-good
1946,pill-good
1947,metal_nut-good
1948,leather-glue
1949,capsule-poke
1950,cable-poke_insulation
1951,tile-glue_strip
1952,toothbrush-good
1953,zipper-fabric_interior
1954,toothbrush-defective
1955,screw-good
1956,pill-contamination
1957,pill-faulty_imprint
1958,metal_nut-bent
1959,hazelnut-hole
1960,carpet-color
1961,wood-good
1962,leather-good
1963,wood-scratch
1964,screw-scratch_head
1965,wood-scratch
1966,zipper-good
1967,bottle-contamination
1968,cable-bent_wire
1969,grid-good
1970,transistor-good
1971,leather-poke
1972,tile-gray_stroke
1973,leather-poke
1974,pill-good
1975,tile-good
1976,cable-good
1977,hazelnut-good
1978,wood-good
1979,metal_nut-bent
1980,zipper-rough
1981,metal_nut-flip
1982,pill-good
1983,tile-gray_stroke
1984,hazelnut-good
1985,leather-color
1986,pill-good
1987,metal_nut-color
1988,cable-good
1989,carpet-color
1990,zipper-fabric_interior
1991,cable-good
1992,cable-cut_outer_insulation
1993,transistor-good
1994,bottle-good
1995,capsule-crack
1996,carpet-hole
1997,tile-gray_stroke
1998,zipper-fabric_interior
1999,screw-thread_side
2000,screw-scratch_head
2001,bottle-good
2002,carpet-color
2003,bottle-good
2004,pill-good
2005,screw-thread_side
2006,cable-good
2007,zipper-good
2008,zipper-good
2009,grid-metal_contamination
2010,bottle-broken_small
2011,metal_nut-bent
2012,metal_nut-bent
2013,carpet-color
2014,capsule-squeeze
2015,screw-manipulated_front
2016,metal_nut-scratch
2017,screw-good
2018,wood-hole
2019,carpet-cut
2020,hazelnut-cut
2021,transistor-good
2022,zipper-combined
2023,hazelnut-good
2024,capsule-good
2025,transistor-good
2026,capsule-faulty_imprint
2027,capsule-good
2028,wood-combined
2029,leather-poke
2030,grid-good
2031,zipper-good
2032,screw-thread_side
2033,metal_nut-flip
2034,screw-thread_side
2035,cable-cut_inner_insulation
2036,hazelnut-cut
2037,metal_nut-good
2038,tile-good
2039,grid-bent
2040,carpet-color
2041,metal_nut-bent
2042,screw-good
2043,tile-gray_stroke
2044,pill-good
2045,screw-thread_side
2046,grid-metal_contamination
2047,cable-combined
2048,cable-good
2049,pill-faulty_imprint
2050,capsule-poke
2051,leather-poke
2052,zipper-fabric_interior
2053,transistor-cut_lead
2054,screw-manipulated_front
2055,zipper-fabric_interior
2056,cable-cut_inner_insulation
2057,zipper-fabric_border
2058,tile-glue_strip
2059,leather-glue
2060,grid-good
2061,transistor-good
2062,metal_nut-good
2063,leather-glue
2064,metal_nut-bent
2065,zipper-good
2066,capsule-good
2067,hazelnut-cut
2068,grid-metal_contamination
2069,pill-good
2070,zipper-combined
2071,zipper-good
2072,bottle-broken_large
2073,carpet-hole
2074,screw-thread_side
2075,carpet-metal_contamination
2076,capsule-poke
2077,screw-thread_side
2078,pill-faulty_imprint
2079,grid-good
2080,cable-good
2081,grid-metal_contamination
2082,bottle-good
2083,pill-good
2084,hazelnut-good
2085,zipper-combined
2086,transistor-damaged_case
2087,hazelnut-cut
2088,screw-thread_side
2089,capsule-good
2090,capsule-crack
2091,carpet-color
2092,pill-contamination
2093,tile-glue_strip
2094,cable-good
2095,pill-faulty_imprint
2096,transistor-bent_lead
2097,pill-good
2098,metal_nut-good
2099,pill-good
2100,tile-gray_stroke
2101,cable-good
2102,screw-thread_top
2103,transistor-good
2104,cable-bent_wire
2105,capsule-poke
2106,metal_nut-good
2107,leather-color
2108,metal_nut-bent
2109,hazelnut-good
2110,carpet-cut
2111,cable-bent_wire
2112,pill-good
2113,zipper-broken_teeth
2114,leather-good
2115,screw-good
2116,capsule-good
2117,screw-thread_side
2118,cable-good
2119,pill-good
2120,screw-thread_side
2121,transistor-good
2122,hazelnut-print
2123,tile-good
2124,wood-hole
2125,capsule-poke
2126,bottle-broken_small
2127,screw-thread_side
2128,wood-good
2129,tile-rough
2130,grid-metal_contamination
2131,pill-color
2132,grid-bent
2133,grid-thread
2134,metal_nut-bent
2135,grid-good
2136,carpet-color
2137,toothbrush-good
2138,pill-faulty_imprint
2139,wood-hole
2140,zipper-fabric_interior
2141,leather-glue
2142,toothbrush-good
2143,toothbrush-good
2144,tile-good
2145,metal_nut-bent
2146,cable-good
2147,grid-metal_contamination
2148,cable-good
2149,tile-gray_stroke
2150,screw-thread_side
2151,grid-good
2152,cable-poke_insulation
2153,zipper-good
